issue_key,issue_summary,issue_type,issue_status,issue_components,issue_description,issue_priority,issue_affects_versions,issue_fix_versions,issue_labels,issue_votes,issue_watchers,issue_created_datetimetz,issue_updated_datetimetz,issue_creator_id,issue_creator_name,issue_creator_timezone,issue_assignee_id,issue_assignee_name,issue_assignee_timezone,issue_reporter_id,issue_reporter_name,issue_reporter_timezone,issue_resolution,issue_resolution_datetimetz,project
HELIX-800,TASK: Fix Participant-side log,Improvement,To Do,"","Previously, the log did not contain the instance name, which makes it not very useful. This RB fixes this.
 Changelist:
 1. Improve the log message",Major,"","","",0,2,2019-02-26T02:07:32.000+0000,2019-02-26T19:42:20.000+0000,narendly,Hunter L,America/Los_Angeles,narendly,Hunter L,America/Los_Angeles,narendly,Hunter L,America/Los_Angeles,,,helix
HELIX-799,TEST: Fix TestTaskRebalancerFailover,Improvement,To Do,"","This test was unstable in that the job in the JobQueue would never get scheduled by the Controller. When you enqueue jobs to JobQueues, you need to stop and ensure that the JobQueue is in STOPPED state first. This RB fixes this.",Major,"","","",0,2,2019-02-26T02:06:23.000+0000,2019-02-26T19:42:18.000+0000,narendly,Hunter L,America/Los_Angeles,narendly,Hunter L,America/Los_Angeles,narendly,Hunter L,America/Los_Angeles,,,helix
HELIX-798,HELIX: Implement auto-exit of maintenance mode,Improvement,To Do,"","This diff contains the implementation and integration of a feature addition for Helix: auto-exit of maintenance mode.
 Changelist:
 1. BestPossibleCalcStage logic was modified so that it will use a new API
 2. IntermediateCalcStage logic was modified to check if the cluster is in maintenance first
 3. enableMaintenance() API was deprecated and replaced with auto/manual APIs while preserving backward-compatibility
 4. An async stage (MaintenanceRecoveryStage) was created and added to the resource pipeline
 5. A series of integration tests were added for various exit/non-exit scenarios",Major,"","","",0,2,2019-02-26T02:05:12.000+0000,2019-02-26T19:42:17.000+0000,narendly,Hunter L,America/Los_Angeles,narendly,Hunter L,America/Los_Angeles,narendly,Hunter L,America/Los_Angeles,,,helix
HELIX-797,HELIX: Add maintenance recovery threshold field to ClusterConfig,Improvement,To Do,"","This new field will serve as the threshold against which the Controller will decide whether a cluster has recovered sufficiently for it to auto-exit maintenance mode.
 Changelist:
 1. Add the field
 2. Add getters and setters with sanity checks (Maintenance recovery threshold <= max. offline/disabled instances)",Major,"","","",0,1,2019-02-26T02:02:45.000+0000,2019-02-26T02:02:45.000+0000,narendly,Hunter L,America/Los_Angeles,narendly,Hunter L,America/Los_Angeles,narendly,Hunter L,America/Los_Angeles,,,helix
HELIX-796,HELIX: Add fields to MaintenanceSignal,Improvement,To Do,"","We need to add extra fields to MaintenanceSignal in order for Helix Controller to determine how the cluster was entered into maintenance mode.
 Changelist:
 1. Add TRIGGERED_BY and TIMESTAMP fields and getters and setters",Major,"","","",0,2,2019-02-26T01:52:10.000+0000,2019-02-26T02:12:21.000+0000,narendly,Hunter L,America/Los_Angeles,narendly,Hunter L,America/Los_Angeles,narendly,Hunter L,America/Los_Angeles,,,helix
HELIX-795,TASK: Drop tasks upon Participant reconnect,Improvement,To Do,"","This changes the default reset() behavior for tasks on Participants. Previously, it would send all task partitions to INIT. After this change, the task partitions will inherit the states from the previous session, and their RequestedState will be set to DROPPED. Then the Controller will send messages to drop the said task partitions so that there are no quota/resource leaks for the number of tasks on Participants.
 Changelist:
 1. Modify state transition logic so that drop state transitions messages will be honored
 2. Modify CurrentState copy-over logic
 3. Add an integration test: TestDropOnParticipantReset",Major,"","","",0,2,2019-02-26T01:50:57.000+0000,2019-02-26T02:12:20.000+0000,narendly,Hunter L,America/Los_Angeles,narendly,Hunter L,America/Los_Angeles,narendly,Hunter L,America/Los_Angeles,,,helix
HELIX-794,TASK: Fix double-booking of tasks upon Participant disconnect,Improvement,To Do,"","It's been observed in production use cases that when there are transient Participant connection issues, the Controller would fail to honor maxNumberOfTasksPerInstance limit. That is to say, if the user wants only 1 task from a job (limit is set to 1), Helix must assign up to 1 task onto an instance. But upon short Participant disconnects, we saw 2 tasks in RUNNING at the same time.
 The cause for this is the incorrect calculation of jobConfigLimitation in AbstractTaskDispatcher. This fixes this by utilizing a Map (assignedPartitions) to calculate the correct number of tasks to assign.
 Changelist:
 1. Modify an internal data structure (assignedPartitions)
 2. Fix the logic that calculates the number of tasks to assign",Major,"","","",0,2,2019-02-26T01:49:20.000+0000,2019-02-26T02:12:19.000+0000,narendly,Hunter L,America/Los_Angeles,narendly,Hunter L,America/Los_Angeles,narendly,Hunter L,America/Los_Angeles,,,helix
HELIX-793,TASK: Make TaskAssigner honor instance constraints,Improvement,To Do,"","Previously, ThreadCountBasedTaskAssigner was assigning to all AssignableInstances. This could potentially be problematic because some users may wish to use InstanceGroupTags, in which case we must filter out instances that do not have the appropriate tags. This RB adds a logic that helps TaskAssigner honor such constraints.
 
 Changelist:
 1. TaskAssigner only assigns to AssignableInstances contained in eligible instances
 2. Add a test for this logic change",Major,"","","",0,2,2019-02-26T01:47:39.000+0000,2019-02-26T02:12:18.000+0000,narendly,Hunter L,America/Los_Angeles,narendly,Hunter L,America/Los_Angeles,narendly,Hunter L,America/Los_Angeles,,,helix
HELIX-792,HELIX: fix typo in WorkflowDataProvider,Improvement,To Do,"",HELIX: fix typo in WorkflowDataProvider,Major,"","","",0,2,2019-02-26T01:45:57.000+0000,2019-02-26T02:12:16.000+0000,narendly,Hunter L,America/Los_Angeles,narendly,Hunter L,America/Los_Angeles,narendly,Hunter L,America/Los_Angeles,,,helix
HELIX-791,TASK2.0: Add RuntimeJobDag with job iterator functionality,Improvement,To Do,"","Job list iterator methods and underlying data structure were added to JobDag to support retrieval of jobs by TaskDispatcher (to be implemented) for improvement in Task Framework.

Changelist:
 1. Add RuntimeJobDag
 2. Add a unit test

See below for the design considerations for this internal Helix component:

 

 
h1. Purpose

For the new generation of Helix Task Framework, we need an intermediary iterator that extracts a list of jobs that need to be processed from WorkflowConfig (jobDag) and WorkflowContext (jobStates). This document proposes a design for it and presents a few important points of discussion for performance and ease of use.
h1. Requirements
 # Given a workflow or a JobQueue, it needs to iterate over all jobs in the workflow and produce a job in an order that *satisfies the topological order* of the DAG.
 # (Optional - discuss) The JobListIterator must produce a topological ordering of jobs in a *deterministic* way (easily doable by using ordered data structures such as TreeMap).
 # The JobListIterator must do so in an *efficient* manner and should avoid overhead where possible.
 # (Optional) Upon Controller switch, it needs to be able to re-build itself and restore the job status possible based on WorkflowContext/JobContext.
 # JobDAG must be backward-compatible.

h1. Architecture & Design
h2. Background

Optimal scheduling for a given DAG and the number of processors (in this case, ""consumers"", or _Helix Participants_ that receive tasks) is a widely studied problem in CS. For general DAGs, however, for variable number of processors, this problem is *NP-complete*. For 2 processors, there exists a polynomial-time algorithm but above 2, the complexity is unknown. It has been shown though, that the DAG is like a tree and that level-by-level scheduling is optimal (Aho, Hopcroft).

The heuristic we could utilize here is the *list scheduling algorithm*. The fact that we do not have to consider the cost/duration of jobs greatly simplifies the problem (which also saves us the trouble of worrying about the optimality of the solution). Below I present a simplified pseudocode algorithm of the list scheduling algorithm catered to our needs.

 
h2. Algorithm
|{{ready-list = \{START}; }}{{// START = a set of un-parented jobs (jobs that do not depend on any other jobs)}}
{{inflight-list = \{ };}}
{{while}} {{(\|ready-list\|+\|inflight-list\| > }}{{0}}{{) {}}
{{    }}{{for}} {{each node n in ready-list in deterministic order { }}{{//schedule new tasks}}
{{        }}{{if}} {{(Helix Participant has capacity) {}}
{{            }}{{remove n from ready-list and add to inflight-list;}}
{{            }}{{return}} {{node to the Helix Participant}}
{{        }}{{}}}
{{        }}{{else}} {{break}}{{;}}
{{    }}{{}}}
{{    }}{{for}} {{each node n in inflight-list {}}{{//determine ready tasks}}
{{        }}{{if}} {{(Helix Participant finishes the job) {}}
{{            }}{{remove n from inflight-list;}}
{{            }}{{add every ready successor of n in DAG to ready-list}}
{{        }}{{}}}
{{    }}{{}}}
{{}}}|

This will be further tweaked at implementation time to implement the APIs of an iterator such as _getNextJob()_.
h1. Alternative Designs
h2. Flattening the DAG

The problems with this approach (vs. unfolding the DAG one step at a time using a ready list and an in-flight list) are the following:
 # Once flattened with a topological ordering, the DAG loses its dependency information.
 # It could limit parallelizability of the DAG.
 # Failed jobs could potentially block the execution of other jobs due to artificial dependencies created in the process of flattening.

 

 ",Major,"","","",0,2,2019-02-22T23:59:21.000+0000,2019-03-05T01:06:24.000+0000,narendly,Hunter L,America/Los_Angeles,narendly,Hunter L,America/Los_Angeles,narendly,Hunter L,America/Los_Angeles,,,helix
HELIX-790,REST2.0: Add support for updating IdealState,Improvement,To Do,"","There was a user request for a REST endpoint that allows users to add/delete/modify fields in IdealState ZNodes.

Changelist: 1. Add updateResourceIdealState in ResourceAcessor 2. Add update APIs in HelixAdmin 3. Add an integration test",Major,"","","",0,2,2018-11-14T02:22:36.000+0000,2018-11-14T19:04:59.000+0000,narendly,Hunter L,America/Los_Angeles,narendly,Hunter L,America/Los_Angeles,narendly,Hunter L,America/Los_Angeles,,,helix
HELIX-789,REST2.0: Add support for update and delete for ResourceConfig,Improvement,To Do,"","Previous implementation of updateResourceConfig did not allow deletion of fields in ResourceConfig in ZK. This RB refactors the REST endpoint.
Changelist:
1. Add command support for updateResourceConfig
2. Add integration tests",Major,"","","",0,2,2018-11-14T02:21:37.000+0000,2018-11-14T19:04:58.000+0000,narendly,Hunter L,America/Los_Angeles,narendly,Hunter L,America/Los_Angeles,narendly,Hunter L,America/Los_Angeles,,,helix
HELIX-788,HELIX: Fix DefaultPipeline so that it doesn't rebalance task resources,Improvement,To Do,"","Helix CHO testing indicated that the default pipeline was rebalancing task framework resources. This RB fixes this.
Changelist:
1. Change resourceMap to resourceToRebalance, which separates generic and task resources
2. Make logger use LogUtil to distinguish two pipelines",Major,"","","",0,2,2018-11-02T21:04:17.000+0000,2018-11-02T21:28:58.000+0000,narendly,Hunter L,America/Los_Angeles,narendly,Hunter L,America/Los_Angeles,narendly,Hunter L,America/Los_Angeles,,,helix
HELIX-787,TASK: Fix stuck tasks after Participant connection loss,Improvement,To Do,"","When Helix Participants lose ZK connection and enter a new ZK session, that causes all task partitions on those Participants to be reset into INIT state. This is undesirable because in reality, these tasks are considered dropped and should be scheduled on some other instance. This is the Controller side fix for this problem: when we detect tasks whose assigned Participants are no longer live, we mark them as DROPPED in their parent JobContext so that AssignableInstance will not consider them active when it is refreshed in the next pipeline. This enables these dropped tasks to be reassigned onto other instances.

Note that a Participant-side fix must follow so that upon reset() on task partitions, they should be in DROPPED state, not in INIT state. This does not inherently solve stuck INIT states on the original Participant. However, by letting these tasks be assigned on other instances, this fix lets jobs and workflows complete, upon which their CurrentStates will be dropped altogether.

Changelist:
1. Mark task partitions whose assigned Participants are no longer live as DROPPED in JobContext",Major,"","","",0,1,2018-11-02T21:02:50.000+0000,2018-11-02T21:02:50.000+0000,narendly,Hunter L,America/Los_Angeles,narendly,Hunter L,America/Los_Angeles,narendly,Hunter L,America/Los_Angeles,,,helix
HELIX-786,TEST: Make TestQuotaBasedScheduling stable,Improvement,To Do,"","Because recent changes caused the Controller to run slower, TestQuotaBasedScheduling was being unstable. This RB fixes this.
Changelist:
1. Use polling instead of Thread.sleep()",Major,"","","",0,2,2018-11-02T21:01:41.000+0000,2018-11-02T21:28:57.000+0000,narendly,Hunter L,America/Los_Angeles,narendly,Hunter L,America/Los_Angeles,narendly,Hunter L,America/Los_Angeles,,,helix
HELIX-785,Report helix latency instead of user latency during top state handoff,Task,To Do,"","Currently we are reporting top state handoff user latency, but we should report Helix latency instead. user should have their way of monitoring their own state transitions.

AC:
1. Implement reporting Helix latency for top state handoff and test it",Major,"","","",0,3,2018-11-02T18:29:55.000+0000,2018-11-02T20:55:45.000+0000,hzzh0301,Harry Zhang,Etc/UTC,hzzh0301,Harry Zhang,Etc/UTC,hzzh0301,Harry Zhang,Etc/UTC,,,helix
HELIX-784,TASK: Fix a bug in getExpiredJobs,Improvement,To Do,"","getExpiredJobs(), when the job config is null, would just continue instead of adding it to expiredJobs so that the job cleanup/purge would be re-tried. This could possibly cause purge failures to leave a lot of jobs un-purged with just the job config missing in ZK. This RB fixes this.

Changelist:
1. Add the job name to expiredJobs if the job config does not exist in ZK
2. Add a more detailed description in the error log
3. Add an integration test for two task-related stages: TaskPersistDataStage and TaskGarbageCollectionStage in TestTaskStage.java",Major,"","","",0,2,2018-11-01T23:57:13.000+0000,2018-11-02T00:19:51.000+0000,narendly,Hunter L,America/Los_Angeles,narendly,Hunter L,America/Los_Angeles,narendly,Hunter L,America/Los_Angeles,,,helix
HELIX-783,TASK: Fix JobQueue's job state-related bug,Improvement,To Do,"","The bug was observed in TestTaskRebalancerStopResume:stopAndResumeNamedQueue(), which was being unstable. It was observed that for JobQueues with multiple jobs, the second job would get marked as IN_PROGRESS even though the first job hadn't completed/failed, especially when the queue was being stopped and resumed. This was due to a bug in getIncompleteJobCount() because it was not counting jobs in STOPPING state. This was fixed and another check was added right before JobDispatcher marks a job as STOPPED so that it would not mark it STOPPED if the job state is NOT_STARTED. Changelist: 1. Fix getIncompleteJobCount() 2. Add a check so that we don't mark NOT_STARTED jobs as STOPPED",Major,"","","",0,1,2018-11-01T23:55:46.000+0000,2018-11-01T23:55:46.000+0000,narendly,Hunter L,America/Los_Angeles,narendly,Hunter L,America/Los_Angeles,narendly,Hunter L,America/Los_Angeles,,,helix
HELIX-782,TASK: Make TaskDriver use ZKClient's create when creating workflows,Improvement,To Do,"","TaskDriver should use create() but currently is using set(), which just overwrites ZNodes that are in ZK. This is undesirable and we need to fix it, especially in the wake of ZNode restructuring.

AC:
1. Make TaskDriver use create() instead of set()
2. Add an integration test: TestWorkflowCreation:testWorkflowCreationNoDuplicates()",Major,"","","",0,2,2018-11-01T23:54:26.000+0000,2018-11-02T00:19:49.000+0000,narendly,Hunter L,America/Los_Angeles,narendly,Hunter L,America/Los_Angeles,narendly,Hunter L,America/Los_Angeles,,,helix
HELIX-781,Implement Helix cluster view aggregator,Task,Done,"",,Major,"","","",0,1,2018-11-01T22:14:07.000+0000,2021-09-18T19:24:45.000+0000,hzzh0301,Harry Zhang,Etc/UTC,hzzh0301,Harry Zhang,Etc/UTC,hzzh0301,Harry Zhang,Etc/UTC,Fixed,2021-09-18T19:24:45.000+0000,helix
HELIX-780,Support get/add rest api for workflow/job/task user content,Task,To Do,"","Need to support get/add rest api for workflow/job/task user content

AC:
 * finish implementation
 * test code",Major,"","","",0,3,2018-11-01T18:06:05.000+0000,2018-11-02T01:18:32.000+0000,hzzh0301,Harry Zhang,Etc/UTC,hzzh0301,Harry Zhang,Etc/UTC,hzzh0301,Harry Zhang,Etc/UTC,,,helix
HELIX-779,Maintenance rebalancer should not clear preference list in ideal state,Bug,To Do,helix-core,"Setting list fields to empty map will prevent newly added and initially rebalanced resources during maintenance mode from getting re-balanced after cluster exists maintenance mode.
The right thing to do is to clear every preference list.",Major,"","","",0,3,2018-11-01T17:41:21.000+0000,2018-11-01T18:47:25.000+0000,hzzh0301,Harry Zhang,Etc/UTC,hzzh0301,Harry Zhang,Etc/UTC,hzzh0301,Harry Zhang,Etc/UTC,,,helix
HELIX-778,TASK: Fix a race condition in updatePreviousAssignedTasksStatus,Improvement,To Do,"","It was observed that TestUnregisteredCommand is very unstable. The reason was identified to be a race condition where when a task fails, sometimes a pending message for that task (from INIT to RUNNING) wasn't being cleaned up on time, so AbstractTaskDispatcher's updatePreviousAssignedTasksStatus would try to process that message and skip the status update of that task (like updating its status and NUM_ATTEMPTS field in JobContext).

A short, temporary fix is to call markPartitionError() prior to checking the pending message, but over the long haul, we would need to revisit the task status update's design here to avoid this type of race conditions.

Changelist:
1. Move markPartitionError() up before checking for a pending message on the task
2. Fix TestUnregisteredCommand's instability",Major,"","","",0,2,2018-11-01T00:20:16.000+0000,2018-11-01T00:35:29.000+0000,narendly,Hunter L,America/Los_Angeles,narendly,Hunter L,America/Los_Angeles,narendly,Hunter L,America/Los_Angeles,,,helix
HELIX-777,TASK: Handle null currentState for unscheduled tasks,Improvement,To Do,"","It was observed that when a workflow is submitted and the Controller attempts to schedule its tasks, ZK read fails to read the appropriate job's context, causing the job to be stuck in an unscheduled state. The job remained unscheduled because it had no currentStates, and its job context did not contain any assignment/state information. This RB fixes such stuck states by detecting null currentStates.
Changelist:
1. Check if currentState is null and if it is, manually assign an INIT state",Major,"","","",0,2,2018-10-31T21:21:25.000+0000,2018-11-01T00:35:28.000+0000,narendly,Hunter L,America/Los_Angeles,narendly,Hunter L,America/Los_Angeles,narendly,Hunter L,America/Los_Angeles,,,helix
HELIX-776,REST2.0: Add delete command to updateInstanceConfig,Improvement,To Do,"","For instance configs, REST2.0 did not expose the REST API for deletion of fields. This RB adds update and delete commands to updateInstanceConfig and an integration test thereof. Changelist: 1. Add delete command to updateInstanceConfig in InstanceAccessor 2. Add integration tests",Major,"","","",0,2,2018-10-31T21:19:52.000+0000,2018-11-01T00:35:27.000+0000,narendly,Hunter L,America/Los_Angeles,narendly,Hunter L,America/Los_Angeles,narendly,Hunter L,America/Los_Angeles,,,helix
HELIX-775,Task driver should support add/get task framework user content,Task,To Do,"","Task driver should support add/get task framework user content at workflow/job/task levels

 

AC:
 * finish implementation
 * add tests",Major,"","","",0,3,2018-10-31T20:54:20.000+0000,2018-10-31T21:14:25.000+0000,hzzh0301,Harry Zhang,Etc/UTC,hzzh0301,Harry Zhang,Etc/UTC,hzzh0301,Harry Zhang,Etc/UTC,,,helix
HELIX-774,Helix process getting increased day by day ,Bug,To Do,helix-webapp-admin,"Hi Team, 

We are using helix in cluster Load balancing. While starting jbpm server the 3 helix process daily getting added in the process and takes lot of memory. Below I have added the helix process, please help me to fix this.

Please refer below process

jboss 31027 1 0 Oct19 ? 00:04:27 
/u01/app/mw/jdk1.8.0_121/bin/java -Xms512m -Xmx512m -classpath 
/u01/app/mw/prod_zk/helix/conf
/u01/app/mw/prod_zk/heli /repo/log4j/log4j/1.2.15/log4j-1.2.15.jar
/u01/app/mw/prod_zk/helix/repo/org/apache/zookeeper/zookeeper/3.3.4/zookeeper-3.3.4.jar
/u01/app/mw/prod_zk/helix/repo/jline/jline/0.9.94/jline-0.9.94.jar
/u01/app/mw/prod_zk/helix/repo/org/codehaus/jackson/jackson-core-asl/1.8.5/jackson-core-asl-1.8.5.jar
/u01/app/mw/prod_zk/helix/repo/org/codehaus/jackson/jackson-mapper-asl/1.8.5/jackson-mapper-asl-1.8.5.jar
/u01/app/mw/prod_zk/helix/repo/commons-io/commons-io/1.4/commons-io-1.4.jar
/u01/app/mw/prod_zk/helix/repo/commons-cli/commons-cli/1.2/commons-cli-1.2.jar
/u01/app/mw/prod_zk/helix/repo/com/github/sgroschupf/zkclient/0.1/zkclient-0.1.jar
/u01/app/mw/prod_zk/helix/repo/org/apache/commons/commons-math/2.1/commons-math-2.1.jar
/u01/app/mw/prod_zk/helix/repo/commons-codec/commons-codec/1.6/commons-codec-1.6.jar
/u01/app/mw/prod_zk/helix/repo/com/google/guava/guava/15.0/guava-15.0.jar
/u01/app/mw/prod_zk/helix/repo/org/yaml/snakeyaml/1.12/snakeyaml-1.12.jar
/u01/app/mw/prod_zk/helix/repo/org/apache/helix/helix-core/0.6.5/helix-core-0.6.5.jar -Dapp.name=run-helix-controller -Dapp.pid=31027 -Dapp.repo=/u01/app/mw/prod_zk/helix/repo -Dbasedir=/u01/app/mw/prod_zk/helix org.apache.helix.controller.HelixControllerMain --zkSvr 204.26.160.42:4181,204.26.160.43:4181 --cluster repoCluster3",Major,0.6.5,0.6.5,helix,0,1,2018-10-31T13:30:04.000+0000,2018-10-31T13:30:04.000+0000,tgmohanraj,Mohanraj Tirougnaname,Etc/UTC,,,,tgmohanraj,Mohanraj Tirougnaname,Etc/UTC,,,helix
HELIX-773,Support getLastScheduledTaskTimestamp information in workflow rest api,Bug,To Do,"",Support getLastScheduledTaskTimestamp information in workflow rest api,Major,"","","",0,3,2018-10-30T23:40:11.000+0000,2018-10-31T20:59:51.000+0000,hzzh0301,Harry Zhang,Etc/UTC,hzzh0301,Harry Zhang,Etc/UTC,hzzh0301,Harry Zhang,Etc/UTC,,,helix
HELIX-772,Support TaskDriver.addUserContent() api,Bug,To Do,"","Need to support add user content in task driver

 

AC:
 * implement APi
 * add test

 ",Major,"","","",0,3,2018-10-30T23:06:09.000+0000,2018-10-31T20:59:50.000+0000,hzzh0301,Harry Zhang,Etc/UTC,hzzh0301,Harry Zhang,Etc/UTC,hzzh0301,Harry Zhang,Etc/UTC,,,helix
HELIX-771,More detailed top state handoff metrics,Bug,To Do,helix-core,"To define top state handoff SLA, we need some more detailed data:
 * graceful top state handoff (i.e. disable instance / resource / etc, both Helix and e2e latency)
 * abrupt top state handoff (i.e. node crash)

AC:
 - prepare metrics, test, code complete",Major,"","","",0,3,2018-10-30T22:36:49.000+0000,2018-10-31T01:16:54.000+0000,hzzh0301,Harry Zhang,Etc/UTC,hzzh0301,Harry Zhang,Etc/UTC,hzzh0301,Harry Zhang,Etc/UTC,,,helix
HELIX-770,HELIX: Fix a possible NPE in loadBalance in IntermediateStateCalcStage,Improvement,To Do,"","In isLoadBalanceDownwardForAllReplicas() in IntermediateStateCalcStage, statePriorityMap was throwing a NPE because the partition contained a replica in ERROR state, and the map did not have an entry for it. To amend the issue, Venice added the ERROR state in the state model with a priority, and Helix added checks to prevent NPEs. Changelist: 1. Add containsKey checks in isLoadBalanceDownwardForAllReplicas() 2. Make the Controller correctly log all partitions with ERROR state replicas 3. Add HelixDefinedStates in statePriorityList if not already added",Major,"","","",0,3,2018-10-29T23:50:18.000+0000,2018-10-30T00:56:42.000+0000,narendly,Hunter L,America/Los_Angeles,narendly,Hunter L,America/Los_Angeles,narendly,Hunter L,America/Los_Angeles,,,helix
HELIX-769,TASK2.0: Add PropertyKey APIs for new ZNode structure workflow/job paths,Improvement,To Do,"","As part of ZNode restructuring for Task Framework, we need a convenient way to generate paths to read from and write to ZooKeeper. PropertyKey was already being used for this purpose for the most part throughout Helix, so these APIs were added in PropertyKey and PropertyPathBuilder.

Changelist:
1. Add path generation APIs for Task Framework resources in PropertyKey
2. Add a unit test for the new APIs",Major,"","","",0,2,2018-10-29T22:55:03.000+0000,2018-10-29T23:24:06.000+0000,narendly,Hunter L,America/Los_Angeles,narendly,Hunter L,America/Los_Angeles,narendly,Hunter L,America/Los_Angeles,,,helix
HELIX-768,TASK: Fix a bug in WorkflowAccessor,Improvement,Done,"","There was a bug in WorkflowAccessor where a JSON was submitted to for PUT requests, it would created a WorkflowConfig based on the JSON but fails to create a workflow with the config. This was preventing users to create workflows via REST APIs properly.
Changelist:
1. Ensure that the configs submitted are reflected in the workflow being created",Major,"","","",0,2,2018-10-29T22:53:30.000+0000,2019-02-27T18:54:47.000+0000,narendly,Hunter L,America/Los_Angeles,narendly,Hunter L,America/Los_Angeles,narendly,Hunter L,America/Los_Angeles,Fixed,2019-02-27T18:54:47.000+0000,helix
HELIX-767,TASK: Remove quotaType fields from Workflow and Job Beans,Improvement,Done,"","For a short while, we used quota type to denote the quota type of Task Framework resources. However, we changed the design so that we are using the workflowType and jobType fields respectively. There were places where the quotaType field was left over in the codebase, and this RB cleans it up.
Changelist:
1. Remove all quotaType fields from Bean classes
2. Add the setting of workflowType in WorkflowBean when read into Workflow.Builder",Major,"","","",0,2,2018-10-29T22:46:41.000+0000,2019-02-27T18:54:38.000+0000,narendly,Hunter L,America/Los_Angeles,narendly,Hunter L,America/Los_Angeles,narendly,Hunter L,America/Los_Angeles,Fixed,2019-02-27T18:54:38.000+0000,helix
HELIX-766,[TASK] Add logging functionality in AssignableInstanceManager,Improvement,Done,"","In order to debug task-related inquiries and issues, we realized that it would be very helpful if we logged there was a log recording the current quota capacity of all AssignableInstances. This is for cases where we see jobs whose tasks are not getting assigned so that we could quickly rule out the possibility of bugs in quota-based scheduling.
Changelist:
    1. Add a method that logs current quota profile in a JSON format with an option flag of only displaying when there are quota types whose capacities are full
    2. Add info logs in AssignableInstanceManager",Major,"","","",0,2,2018-10-27T02:07:43.000+0000,2019-02-27T18:54:30.000+0000,narendly,Hunter L,America/Los_Angeles,narendly,Hunter L,America/Los_Angeles,narendly,Hunter L,America/Los_Angeles,Fixed,2019-02-27T18:54:30.000+0000,helix
HELIX-765,[TASK] Build quota profile from scratch every rebalance,Improvement,Done,"","It has been reported that instances have a full quota despite no tasks existing in their CURRENTSTATES. The cause of this is not clear, so making ClusterDataCache trigger a refresh of all AssignableInstances will ensure that there aren't situations where it looks like there has been a thread leak. Optimizations will be implemented if necessary. Changelist: 1. Make AssignableInstanceManager build all AssignableInstances from scratch every rebalance",Major,"","","",0,2,2018-10-27T02:06:19.000+0000,2019-02-27T18:54:23.000+0000,narendly,Hunter L,America/Los_Angeles,narendly,Hunter L,America/Los_Angeles,narendly,Hunter L,America/Los_Angeles,Fixed,2019-02-27T18:54:23.000+0000,helix
HELIX-764,[TASK] Fix LiveInstanceCurrentState change flag,Improvement,Done,"","Previously, existsLiveInstanceOrCurrentStateChange was getting reset in ClusterDataCache when its getter was called. This was problematic because if there were multiple jobs or multiple workflows, whoever calls this getter would get the correct flag value, and the ensuing callers would get a false because the flag would have been reset. This RB fixes that bug by reseting the flat right in the beginning of refresh() call in ClusterDataCache, which allows all callers during that pipeline would get the same, correct value.
Changelist:
1. Change the getter so that it does not reset the flag; instead, reset the flag in the beginning of refresh()",Major,"","","",0,2,2018-10-27T02:03:18.000+0000,2019-02-27T18:54:15.000+0000,narendly,Hunter L,America/Los_Angeles,narendly,Hunter L,America/Los_Angeles,narendly,Hunter L,America/Los_Angeles,Fixed,2019-02-27T18:54:15.000+0000,helix
HELIX-763,[TASK] Ignore tasks whose workflow and job are inactive,Improvement,Done,"","It was discovered that by manual testing, there were task states in INIT and RUNNING, and they were occupying a thread count even though their parent job or workflow was in an inactive state (terminal or stopped). This was happening when the capacities were being rebuilt from scratch, which could have caused a thread leak. Changelist: 1. Add a check in buildAssignableInstances() so that it ignores workflows and jobs whose states are inactive states (that is, their tasks cannot be occupying a thread on Participants)",Major,"","","",0,1,2018-10-27T01:49:30.000+0000,2019-02-27T18:54:07.000+0000,narendly,Hunter L,America/Los_Angeles,narendly,Hunter L,America/Los_Angeles,narendly,Hunter L,America/Los_Angeles,Fixed,2019-02-27T18:54:07.000+0000,helix
HELIX-762,[TASK] Change LOG mode from info to debug,Improvement,Done,"","In production, it was observed that some users were running thousands of tasks, and since AssignableInstance leaves a line of log for each task assigned or released, the amount of log that was being generated was too much, and it was too verbose.
Changelist:
1. Change the logging mode from info to debug in AssignableInstance and AssignableInstanceManager",Major,"","","",0,2,2018-10-27T01:33:20.000+0000,2019-02-27T18:53:59.000+0000,narendly,Hunter L,America/Los_Angeles,narendly,Hunter L,America/Los_Angeles,narendly,Hunter L,America/Los_Angeles,Fixed,2019-02-27T18:53:59.000+0000,helix
HELIX-758,TASK: Add logging functionality in AssignableInstanceManager,Improvement,Done,"","In order to debug task-related inquiries and issues, we realized that it would be very helpful if we logged there was a log recording the current quota capacity of all AssignableInstances. This is for cases where we see jobs whose tasks are not getting assigned so that we could quickly rule out the possibility of bugs in quota-based scheduling.
Changelist:
    1. Add a method that logs current quota profile in a JSON format with an option flag of only displaying when there are quota types whose capacities are full
    2. Add info logs in AssignableInstanceManager",Major,"","","",0,1,2018-09-25T17:37:35.000+0000,2019-02-27T18:53:51.000+0000,narendly,Hunter L,America/Los_Angeles,narendly,Hunter L,America/Los_Angeles,narendly,Hunter L,America/Los_Angeles,Fixed,2019-02-27T18:53:51.000+0000,helix
HELIX-757,TASK: Ignore tasks whose workflow and job are inactive,Improvement,Done,"","It was discovered that by manual testing, there were task states in INIT and RUNNING, and they were occupying a thread count even though their parent job or workflow was in an inactive state (terminal or stopped). This was happening when the capacities were being rebuilt from scratch, which could have caused a thread leak. Changelist: 1. Add a check in buildAssignableInstances() so that it ignores workflows and jobs whose states are inactive states (that is, their tasks cannot be occupying a thread on Participants)",Major,"","","",0,1,2018-09-25T17:34:36.000+0000,2019-02-27T18:53:42.000+0000,narendly,Hunter L,America/Los_Angeles,narendly,Hunter L,America/Los_Angeles,narendly,Hunter L,America/Los_Angeles,Fixed,2019-02-27T18:53:42.000+0000,helix
HELIX-756,TASK: Change LOG mode from info to debug,Improvement,Done,"","In production, it was observed that some users were running thousands of tasks, and since AssignableInstance leaves a line of log for each task assigned or released, the amount of log that was being generated was too much, and it was too verbose.
Changelist:
1. Change the logging mode from info to debug in AssignableInstance and AssignableInstanceManager",Major,"","","",0,2,2018-09-25T17:24:38.000+0000,2019-02-27T18:53:33.000+0000,narendly,Hunter L,America/Los_Angeles,narendly,Hunter L,America/Los_Angeles,narendly,Hunter L,America/Los_Angeles,Fixed,2019-02-27T18:53:33.000+0000,helix
HELIX-755,TASK: Build quota profile from scratch every rebalance,Improvement,Done,"","It has been reported that instances have a full quota despite no tasks existing in their CURRENTSTATES. The cause of this is not clear, so making ClusterDataCache trigger a refresh of all AssignableInstances will ensure that there aren't situations where it looks like there has been a thread leak. Optimizations will be implemented if necessary. Changelist: 1. Make AssignableInstanceManager build all AssignableInstances from scratch every rebalance",Major,"","","",0,1,2018-09-25T17:22:02.000+0000,2019-02-27T18:53:01.000+0000,narendly,Hunter L,America/Los_Angeles,narendly,Hunter L,America/Los_Angeles,narendly,Hunter L,America/Los_Angeles,Fixed,2019-02-27T18:53:01.000+0000,helix
HELIX-754,TASK: Fix LiveInstanceCurrentState change flag,Improvement,Done,"","Previously, existsLiveInstanceOrCurrentStateChange was getting reset in ClusterDataCache when its getter was called. This was problematic because if there were multiple jobs or multiple workflows, whoever calls this getter would get the correct flag value, and the ensuing callers would get a false because the flag would have been reset. This RB fixes that bug by reseting the flat right in the beginning of refresh() call in ClusterDataCache, which allows all callers during that pipeline would get the same, correct value.
Changelist:
1. Change the getter so that it does not reset the flag; instead, reset the flag in the beginning of refresh()",Major,"","","",0,1,2018-09-25T17:19:05.000+0000,2019-02-27T18:52:52.000+0000,narendly,Hunter L,America/Los_Angeles,narendly,Hunter L,America/Los_Angeles,narendly,Hunter L,America/Los_Angeles,Fixed,2019-02-27T18:52:52.000+0000,helix
HELIX-753,Record top state handoff finished in single cluster data cache refresh,Bug,In Progress,"","Currently we are calculating top state handoff duration by doing the following:
 - record missing top state when we see a top state missing
 - record top state come back when we see it come back
 - report top state handoff duration

This is perfectly fine for non-P2P state transitions as the entire top state handoff process will always finish for >= 2 pipeline runs. However, for P2P enabled clusters, top state handoff are quick, and if it is quicker than cluster data refresh stage latency, we will lose a lot of short top state handoffs, which make the number miserable on ingraph.

We need to revise top state handoff metrics implementation so we don't lose data point statistically (i.e. we are losing all short handoffs now).

AC:
 - revise impl so we catch those short top state hand-offs
 - write new tests to catch the fix if needed",Major,"","","",0,3,2018-09-21T21:29:33.000+0000,2018-10-25T23:05:51.000+0000,hzzh0301,Harry Zhang,Etc/UTC,hzzh0301,Harry Zhang,Etc/UTC,hzzh0301,Harry Zhang,Etc/UTC,,,helix
HELIX-752,Add missing shutdown for RoutingTableProvider,Improvement,Done,"","Changelist:
1. Add a missing shutdown() call to avoid having a background thread keep printing out error messages",Major,"","","",0,3,2018-09-19T17:49:32.000+0000,2019-02-27T20:05:03.000+0000,narendly,Hunter L,America/Los_Angeles,narendly,Hunter L,America/Los_Angeles,narendly,Hunter L,America/Los_Angeles,Fixed,2019-02-27T18:52:42.000+0000,helix
HELIX-751,TASK: Fix AssignableInstanceComparator so that it sorts unsupported quota types,Improvement,Done,"","Currently, if the quota type does not exist, it will not sort AssignableInstances based on availability. This does not cause immediate problems, but it would be nice to have them sorted because we now allow unsupported quota types run as DEFAULT type.
Changelist:
1. Comparator sorts AssignableInstances in a PriorityQueue by DEFAULT type's availability when the quota type given is unsupported",Major,"","","",0,3,2018-09-19T17:05:06.000+0000,2019-02-27T18:52:23.000+0000,narendly,Hunter L,America/Los_Angeles,narendly,Hunter L,America/Los_Angeles,narendly,Hunter L,America/Los_Angeles,Fixed,2019-02-27T18:52:23.000+0000,helix
HELIX-750,Implement Helix View Aggregator Service,Task,To Do,"","I have sent out the design for Helix view aggregation service to serve cross data center information in a more convenient way ([https://github.com/apache/helix/pull/266)]

This ticket is to implement the service based on approved design.",Major,"","","",0,1,2018-08-21T22:13:41.000+0000,2018-08-21T22:13:41.000+0000,hzzh0301,Harry Zhang,Etc/UTC,hzzh0301,Harry Zhang,Etc/UTC,hzzh0301,Harry Zhang,Etc/UTC,,,helix
HELIX-749,"Thread ""CallbackHanlder-AsycSubscribe"" should be a daemon thread",Bug,To Do,helix-core,"In org.apache.helix.manager.zk.CallbackHandler, SubscribeChangeEventProcessor should be a daemon thread. If it can't be a daemon thread, there should be a way to shut it down.",Minor,0.8.x,"","",0,1,2018-07-31T17:12:22.000+0000,2018-09-28T21:27:50.000+0000,dmodha,Digant Modha,America/New_York,hzzh0301,Harry Zhang,Etc/UTC,dmodha,Digant Modha,America/New_York,,,helix
HELIX-748,ZkClient should not throw Exception when internal ZkConnection is reset,Task,To Do,"","It is noticed that ZkClient throws an exception because of ZkConnection == null when it is reset.

This could be caused by an expiring session handling. According to the design, ZkClient operation should wait until reset done, instead of break the retry.",Major,"","","",0,2,2018-07-26T18:24:42.000+0000,2018-07-31T21:09:07.000+0000,jiajunwang,Jiajun Wang,America/Los_Angeles,jiajunwang,Jiajun Wang,America/Los_Angeles,jiajunwang,Jiajun Wang,America/Los_Angeles,,,helix
HELIX-747,Replace org.codehaus.jackson with FasterXML/jackson,Task,To Do,"","The current json lib Helix uses is out of date. We should consider replacing it with a well-maintained lib.

FasterXML/jackson is compatible with the current lib we used. So it could be a good candidate.",Major,"","","",0,2,2018-07-25T18:56:48.000+0000,2019-11-22T10:21:04.000+0000,jiajunwang,Jiajun Wang,America/Los_Angeles,,,,jiajunwang,Jiajun Wang,America/Los_Angeles,,,helix
HELIX-746,[TASK] Fix removeJob so its behavior is more consistent with removeWorkflow,Improvement,To Do,"","Change the behavior of removeJob() so that it's more consistent with removeWorkflow(). This RB addresses the scenario: suppose config deletion failed (so config still exists) and context deletion succeeded. Then the Controller has no way of knowing whether this job has ever been scheduled or it was meant to be deleted (although failed due to partial deletion). Returning as soon as config deletion fails can prevent this scenario.

Changelist:
1. Make removeJob() return early as soon as a ZNode write failure is detected",Major,"","","",0,2,2018-07-24T21:11:32.000+0000,2018-07-25T00:52:03.000+0000,narendly,Hunter L,America/Los_Angeles,,,,narendly,Hunter L,America/Los_Angeles,,,helix
HELIX-745,[TASK] Make AssignableInstanceManager listen on data changes to update AssignableInstances,Improvement,To Do,"","Previously, although AssignableInstanceManager provided an API for updating its AssignableInstances, this API was not being called at all. This RB fixes this.

Changelist:
1. Add a boolean flag in ClusterDataCache for LiveInstance, ClusterConfig, InstanceConfig changes
2. If the ClusterDataCache is a taskDataCache, call AssignableInstanceManager.updateAssignableInstances() when the said boolean flag is true
3. Use thread-safe map in AssignableInstanceManager
4. Address the issue of targeted tasks having null taskIds (use pName convention instead)
5. Address the issue of LiveInstanceChange not notifying the caches by explicitly using setLiveInstance() function
6. Fix bug in restoreTaskAssignResult where tasks with null quota type were not being restored properly",Major,"","","",0,2,2018-07-24T21:09:37.000+0000,2018-07-25T00:52:02.000+0000,narendly,Hunter L,America/Los_Angeles,,,,narendly,Hunter L,America/Los_Angeles,,,helix
HELIX-744,[TASK] Allow undefined workflow/job types to be assigned as DEFAULT type,Improvement,To Do,"","Previously, we ignored undefined types, that is workflow/job types that are not defined in ClusterConfig. This is not backward-compatible because some users of Task Framework are setting types without any quota-related config set in ClusterConfig. The default behavior was changed so that each AssignableInstance will just treat these workflows/jobs as DEFAULT type, which will make quota-based scheduling backward-compatible. Changelist: 1. AssignableInstance treats undefined types as DEFAULT 2. Appropriate log messages and logic change was applied to restoreTaskAssignResult logic 3. A test case was added to TestQuotaBasedScheduling",Major,"","","",0,2,2018-07-24T21:06:06.000+0000,2018-07-25T00:49:41.000+0000,narendly,Hunter L,America/Los_Angeles,,,,narendly,Hunter L,America/Los_Angeles,,,helix
HELIX-743,[TASK] Fix purgeExpiredJobs() so that jobs whose removal has failed do not get removed from DAG,Improvement,To Do,"","Previously, even if the job removal had failed, Task Framework would go ahead and remove the job from the DAG. This would cause some ZNodes to be left over and never be cleaned up at next purge time. Changelist: 1. Keep track of jobs whose removal failed and remove them from expiredJobs so that next call to purgeExpiredJobs(), the job would be included in expiredJobs again and removal would be tried again.",Major,"","","",0,2,2018-07-24T19:12:08.000+0000,2018-07-24T21:35:50.000+0000,narendly,Hunter L,America/Los_Angeles,,,,narendly,Hunter L,America/Los_Angeles,,,helix
HELIX-742,ZkHelixManager should consider session expire when detecting connection flapping,Task,To Do,"","In production we are seeing is because of infinite expiry-connect loop. These caused live instance change and trigger massive state transitions. As a result, controller overloads the ZK with thousands of  messages, and bring down the cluster.

 

Currently, when ZkHelixManager detects connection flapping, it only counts disconnects, but not session expiry, we need to take session expiry into consideration as well.

 

AC:
 * follow up this ticket with a plan to consolidate semantics and behavior
 * Code complete and test it out",Major,"","","",0,1,2018-07-19T19:24:13.000+0000,2018-07-19T19:24:13.000+0000,hzzh0301,Harry Zhang,Etc/UTC,,,,hzzh0301,Harry Zhang,Etc/UTC,,,helix
HELIX-741,Revise unreliable behavior in swapInstance,Task,To Do,"","swapInstance call did not work properly when we were trying to fix a production issue.

 

The API was old and not actively maintained. It used deprecated underlaying data accessor API and hit a problem of partial ZK read. Thus our CLI was unable to update all IdealStates as expected.

We have seen such problem before, especially when the cluster is bug and there are a lot of data to read back.

This ticket is created to refactor the implementation of swapInstance() to make it more robust, and separate ticket will be created to revise those old API calls that are not frequently used not actively maintained.

–
AC:
 - make this api call reliable and idempotent",Major,"","","",0,3,2018-07-17T22:54:52.000+0000,2018-07-23T22:00:28.000+0000,hzzh0301,Harry Zhang,Etc/UTC,,,,hzzh0301,Harry Zhang,Etc/UTC,,,helix
HELIX-740,ZkHelixAdmin:NPE,Task,To Do,"","The NPE occurs in this line: [https://github.com/apache/helix/blob/master/helix-core/src/main/java/org/apache/helix/manager/zk/ZKHelixAdmin.java#L669]

Basically, we ended up in a situation where we had an instance whose config was deleted. The line above should handle this more gracefully;we need more meaningful error information.",Major,"","","",0,3,2018-07-17T22:49:27.000+0000,2018-07-18T05:14:08.000+0000,hzzh0301,Harry Zhang,Etc/UTC,,,,hzzh0301,Harry Zhang,Etc/UTC,,,helix
HELIX-739,[TASK] Remove old comments from TestQuotaBasedScheduling,Improvement,To Do,"","Remove legacy comments that are no longer true to prevent confusion in the future.
Changelist:
1. Remove old comments",Major,"","","",0,2,2018-07-17T20:38:31.000+0000,2018-07-18T05:14:06.000+0000,narendly,Hunter L,America/Los_Angeles,,,,narendly,Hunter L,America/Los_Angeles,,,helix
HELIX-738,[TASK] Remove quotaType APIs and make jobs inherit type from workflows,Improvement,To Do,"","For quota-based task scheduling, for each job, we provided get/setQuotaType APIs. However, the use case for workflow types and job types were similar enough that we decided to merge them and begin using workflow/job types for quota-based scheduling. Job types will now be used as quota types, and all jobs will inherit the type, if set, from their parent workflow, at assignment and schedule time.

Changelist:
1. Remove APIs around quotaType in Workflow/JobConfig
2. Add an internal method in TaskAssignmentCalculator that includes logic for determining which quota type each job should use
3. Adjust tests so that they test and pass successfully",Major,"","","",0,2,2018-07-17T20:35:43.000+0000,2018-07-18T05:14:02.000+0000,narendly,Hunter L,America/Los_Angeles,,,,narendly,Hunter L,America/Los_Angeles,,,helix
HELIX-737,[ROUTER] Expose ExternalViews in RoutingTable and RoutingTableSnapshot,Improvement,To Do,"","This was a user request.

 

Changelist: 1. Add getExternalViews() in RoutingTable 2. Add getExternalViews() in RoutingTableProvider 3. Cache ExternalViews in RoutingTable 4. Add an ExternalView test in TestRoutingTableSnapshot",Major,"","","",0,2,2018-07-16T22:56:40.000+0000,2018-07-17T22:35:32.000+0000,narendly,Hunter L,America/Los_Angeles,,,,narendly,Hunter L,America/Los_Angeles,,,helix
HELIX-736,Modify TestGetLastScheduledTaskTimestamp for increased stability,Improvement,To Do,"","This test was experiencing an intermittent failure. No inherent faults of its own, but sometimes tasks were not being given enough resource/time to be scheduled and register the timestamp, which is expected depending on how fast the system is running. One area of improvement was that TestGetLastScheduledTaskTimestamp was using a long value 0 for invalid or unscheduled timestamps. It will use -1L from now on, which is the invalid flag TaskDriver uses.

Changlist:
1. Change the flag for invalid or unscheduled timestamps from 0 to -1L in TestGetLastScheduledTaskTimestamp",Major,"","","",0,2,2018-07-16T22:51:11.000+0000,2018-07-17T22:35:29.000+0000,narendly,Hunter L,America/Los_Angeles,,,,narendly,Hunter L,America/Los_Angeles,,,helix
HELIX-735,Make AssignmentCalculators non-static so that tests pass,Improvement,To Do,"","With the introduction of quota-based scheduling, every task that gets scheduled takes up a thread. However, previously these AssignmentCalculators (both generic and fixed for generic jobs and targeted jobs) were stateless so they were instantiated statically. Since AssignmentCalculators now are stateful due to them operating on AssignableInstances' quota profile, they were made non-static so that they would be re-instantiated every pipeline.

This problem is specific to the testing environment where static variables live on from test to test, causing AssignmentCalculators to hold on to the very first reference to AssignableInstanceManager. Tasks were not being assigned and scheduled because the first set of AssignableInstances would get filled up and never get freed.

Changelist:
1. Make AssignmentCalculators non-static
2. Adjust sleep duration for some tests for stability",Major,"","","",0,2,2018-07-16T22:48:13.000+0000,2018-07-17T22:35:30.000+0000,narendly,Hunter L,America/Los_Angeles,,,,narendly,Hunter L,America/Los_Angeles,,,helix
HELIX-734,Fix test configs for TestRecoveryLoadBalance,Improvement,To Do,"","There was a fix checked in for NumberOfErrorOrRecoveryPartitionThreshold in IntermediateStateCalcStage from less than equal to to strictly less than. Because of this, we need to change the config parameters (mostly from 1 to 0). There is no other underlying logic change.

Changelist:
1. Change config parameters appropriately in test case JSON files from 1 to 0",Major,"","","",0,2,2018-07-16T22:43:31.000+0000,2018-07-17T22:35:28.000+0000,narendly,Hunter L,America/Los_Angeles,,,,narendly,Hunter L,America/Los_Angeles,,,helix
HELIX-733,Fix TestAssignableInstanceManagerControllerSwitch,Improvement,To Do,"","This test uses RoutingTableProvider. It was not being shut down, causing an ExecutorService thread to continue executing periodic updates. This RB makes it so that it is shut down at the end of the test.

Changelist:
1. Add shutdown() on RoutingTableProvider at the end of the test",Major,"","","",0,2,2018-07-16T19:55:41.000+0000,2018-07-16T23:18:18.000+0000,narendly,Hunter L,America/Los_Angeles,,,,narendly,Hunter L,America/Los_Angeles,,,helix
HELIX-732,[TASK] Expose UserContentStore in TaskDriver,Improvement,To Do,"","There was a user request for this feature. The intended use is to allow for aggregation work reading from temporary data written by tasks, by allowing a get() of UserContentStore at the TaskDriver level. UserContentStore is a potentially useful feature that is currently under-utilized - this will enable Gobblin and other users of Task Framework to better utilize UserContentStore.

Changelist:
1. Add getUserContentStore() in TaskDriver
2. Add TestUserContentStore, an integration test for this feature
3. Add descriptive JavaDoc warning the user that get() and put() methods for UserContentStore is not thread-safe",Major,"","","",0,3,2018-07-16T18:49:48.000+0000,2018-07-16T23:18:14.000+0000,narendly,Hunter L,America/Los_Angeles,,,,narendly,Hunter L,America/Los_Angeles,,,helix
HELIX-731,Fix TestStateTransitionThrottle and comparison operator change,Improvement,To Do,"","Due to the change made in relation to allowing downward state transitions to take place while error or recovery balance transitions are present, this test was failing due to the change in the assumption. Parameters were adjusted, and test conditions were modified such that it is testing the new assumptions correctly.
Changelist: 1. TestStateTransitionThrottle assert statements were modified so that it assumes downward load balance transitions taking place 2. Comparison operator in IntermediateStateCalcState to make it more strictly backward-compatible",Major,"","","",0,2,2018-07-16T18:47:57.000+0000,2018-07-16T23:18:12.000+0000,narendly,Hunter L,America/Los_Angeles,,,,narendly,Hunter L,America/Los_Angeles,,,helix
HELIX-730,[TASK] Add ThreadCountBasedAssignmentCalculator and integrate with Workflow/JobRebalancer and fix rebalancing logic,Improvement,To Do,"","For quota-based scheduling of tasks, we have added the TaskAssigner interface that takes into account AssignableInstances by way of AssignableInstanceManager. In order to use this in the currently-existing pipeline prior to Task Framework 2.0, GenericTaskAssignmentCalculator was replaced with ThreadCountBasedAssignmentCalculator, which is a wrapper around TaskAssigner. Necessary adjustments were made in Workflow/JobRebalancer for this replacement. Also the rebalance logic in Workflow/JobRebalancer was reviewed and fixed. Additionally, TestQuotaBasedScheduling is added to test quota-based task scheduling. Note that quotas will apply to both generic and targeted jobs.

A few bugs were uncovered during this process such as the faulty retry logic that never really got tasks to restart. For more details, see the changelist below:

Changelist:
    1. Add ThreadCountBasedAssignmentCalculator, a wrapper around ThreadCountBasedTaskAssigner
    2. Make logic changes in JobRebalancer to enable the use of ThreadCountBasedAssignmentCalculator
    3. Fix the failing test by using a thread-safe map and rename TestGenericTaskAssignmentCalculator to TestTaskAssignmentCalculator to better reflect what its tests are doing
    4. Add retry logic that was previously absent for INIT and DROPPED tasks in JobRebalancer
    5. Add TestQuotaBasedScheduling to test that jobs and tasks were being assigned and scheduled per quota config set in ClusterConfig
    6. Add more log messages to aid with task-scheduling debugging in AssignableInstance
    7. In AbstractTaskDispatcher, for tasks that are STOPPED, TIMED_OUT, TASK_ERROR, the retry logic was newly implemented so that they get re-started correctly
    8. In AbstractTaskDispatcher, when enforcing overlapAssign for jobs with isAllowOverlapAssignment(), a fix was implemented so that only jobs whose state is IN_PROGRESS are considered
    9. In AbstractTaskDispatcher, isWorkflowFinished() method was modified so that non-active jobs will have their tasks' resource freed from AssignableInstances to prevent resource leak
   10. In markJobFailed() and markJobCompleted(), non-active jobs will have their tasks' resource freed from AssignableInstances to prevent resource leak
   11. Fix the logic so that quotas do not apply to targeted jobs
   12. Fix TestTaskRebalancer (assumes Consistent Hashing, which is no longer used)
   13. Fix TestIndependentTaskRebalancer (assumes Consistent Hashing, no longer used)
   14. Assignment logic was improved so that incomplete tasks whose assigned participants are no longer live will be re-assigned accordingly
   15. Fix TestTaskRebalanceFailover (tasks on non-live instances will be re-assigned promptly)
   16. Fix TestRebalanceRunningTask (targeted jobs will get tasks reassigned upon liveInstance and currentState change)
   17. Fix a bug in FixedAssignmentCalculator and assignment logic for targeted jobs such that a task index will no longer be assigned multiple times
   18. Fix TestJobFailureTaskNotStarted (tasks were not being assigned at all due to having reached maximum capacity for quota)
   19. Add targetedTaskConfigMap field in JobConfig to cache TaskConfig objects for targeted tasks to reduce object creation and GC overload
   20. Fix JobConfig so that it doesn't write quotaType to ZooKeeper when quotaType is null or not set
   21. Fix deleteWorkflow() in TaskUtil so that the earliest delete failure will render the entire method as failed (and return prematurely to prevent breaking other ZNodes from incomplete deletion)
   22. Fix TestDeleteWorkflow by adding another removeProperty() clause to lower failure rate",Major,"","","",0,2,2018-07-13T21:31:40.000+0000,2018-07-16T19:11:21.000+0000,narendly,Hunter L,America/Los_Angeles,,,,narendly,Hunter L,America/Los_Angeles,,,helix
HELIX-729,[TASK] Modify APIs and TaskDataCache so that it has AssignableInstanceManager,Improvement,To Do,"","For scheduling based on quota type support, integration with the currently existing pipeline requires access of the most recent AssignableInstanceManager at the cluster cache level. AssignableInstanceManager was added to TaskDataCache and an API was added for easy access.
TaskConfig's getQuotaType() API was removed. That means that all components that rely on that API must have the quota type supplied as a parameter as well.
Modified APIs for AssignableInstance such that quotaType is an explicit argument

Changelist:
1. AssignableInstanceManager was added to TaskDataCache and an API was added for easy access
2. TaskAssigner has another API that explicitly has quota type as a parameter
3. ThreadCountBasedTaskAssigner implements the new interface API
4. AssignableInstance's APIs for assigning and releasing tasks now explicitly require quotaType as a parameter
5. TaskAssignResult also stores quotaType
6. Tests modified so that quotaType is supplied to assign and release calls
7. A setter for quota type was removed to comply with the definition that quota types only exist down to the job level for TaskConfig
8. Updated JavaDoc",Major,"","","",0,1,2018-07-12T18:43:22.000+0000,2018-07-12T18:43:22.000+0000,narendly,Hunter L,America/Los_Angeles,,,,narendly,Hunter L,America/Los_Angeles,,,helix
HELIX-728,Restore TaskConfig's quotaType related APIs temporarily,Improvement,To Do,"",Restore TaskConfig's quotaType related APIs temporarily to make it build,Major,"","","",0,1,2018-07-12T18:24:07.000+0000,2018-07-12T18:24:07.000+0000,narendly,Hunter L,America/Los_Angeles,,,,narendly,Hunter L,America/Los_Angeles,,,helix
HELIX-727,Fix resource monitor race condition,Bug,Done,"",The async monitor processing may cause resource mbean deleting failure. This will leave unnecessary mbean in the mbean server.,Major,"","","",0,1,2018-07-10T18:25:25.000+0000,2018-07-10T18:37:21.000+0000,jiajunwang,Jiajun Wang,America/Los_Angeles,jiajunwang,Jiajun Wang,America/Los_Angeles,jiajunwang,Jiajun Wang,America/Los_Angeles,Fixed,2018-07-10T18:37:21.000+0000,helix
HELIX-726,Add new monitor metrics for state transitions.,Bug,Done,"","ClusterStatus: MissingMinActiveReplicaPartitionGauge
ClusterStatus: TotalResourceGauge
ClusterStatus/ResourceStatus: PendingStateTransitionsGauge
ClusterStatus: StateTransitionsCounter",Major,"","","",0,2,2018-07-10T18:22:59.000+0000,2018-07-10T18:37:15.000+0000,jiajunwang,Jiajun Wang,America/Los_Angeles,jiajunwang,Jiajun Wang,America/Los_Angeles,jiajunwang,Jiajun Wang,America/Los_Angeles,Fixed,2018-07-10T18:37:15.000+0000,helix
HELIX-725,[TASK] Remove method for setting quota type for TaskConfig,Improvement,To Do,"",Changelist: 1. A setter for quota type was removed to comply with the definition that quota types only exist down to the job level. 2. Updated JavaDoc.,Major,"","","",0,1,2018-07-10T01:41:27.000+0000,2018-07-10T01:41:27.000+0000,narendly,Hunter L,America/Los_Angeles,,,,narendly,Hunter L,America/Los_Angeles,,,helix
HELIX-724,Refactor AssignableInstanceManager,Improvement,To Do,"","This RB refactors AssignableInstanceManager's constructor so that the actual building of AssignableInstances is separated into another public method. This allows the instantiation of AssignableInstanceManager in TaskDataCache without having to provide metadata for building AssignableInstances.

ChangeList:
1. Add an empty constructor
2. Put build logic in a separate method
3. A boolean flag was added for buildAssignableInstances() to prevent it from building AssignableInstance objects from scratch every time this method is called by TaskDataCache's refresh()",Major,"","","",0,1,2018-07-10T01:39:00.000+0000,2018-07-10T01:39:00.000+0000,narendly,Hunter L,America/Los_Angeles,,,,narendly,Hunter L,America/Los_Angeles,,,helix
HELIX-723,[TEST] Remove null statement from AssignableInstanceManagerControllerSwitch,Improvement,To Do,"","Controller was set to null during development of the test and never got removed after finishing writing the test, which caused an NPE.

Changelist:
1. Remove an old null statement in the test",Major,"","","",0,2,2018-07-10T01:33:03.000+0000,2018-07-10T19:19:30.000+0000,narendly,Hunter L,America/Los_Angeles,,,,narendly,Hunter L,America/Los_Angeles,,,helix
HELIX-722,Add quotaType field to WorkflowConfig and JobConfig,Improvement,To Do,"","WorkflowConfig and JobConfig define workflows and jobs respectively. In order to support job scheduling based on quota types, we need to associate workflows and jobs with quota types and provide APIs for get/set accordingly.

ChangeList:
1. Workflow and Job Config have APIs added for quota type support
2. Code formatting per Helix code formatter",Major,"","","",0,2,2018-07-10T01:31:20.000+0000,2018-07-10T19:19:30.000+0000,narendly,Hunter L,America/Los_Angeles,,,,narendly,Hunter L,America/Los_Angeles,,,helix
HELIX-721,Clean up code in ClusterDataCache,Improvement,To Do,"",Clean up code in ClusterDataCache,Major,"","","",0,2,2018-07-10T01:26:59.000+0000,2018-07-10T19:19:29.000+0000,narendly,Hunter L,America/Los_Angeles,,,,narendly,Hunter L,America/Los_Angeles,,,helix
HELIX-720,[TASK] Implement AssignableInstanceManager,Improvement,To Do,"",AssignableInstanceManager supports job quotas in Task Framework by 1. Re-creates AssignableInstance map with correct resource usage based on TaskContexts 2. Provides an update API that refreshes instances and configs.,Major,"","","",0,2,2018-07-10T00:07:20.000+0000,2018-07-10T01:28:00.000+0000,narendly,Hunter L,America/Los_Angeles,,,,narendly,Hunter L,America/Los_Angeles,,,helix
HELIX-719,[HELIX] Verify downward load balance and fix TestPartitionMovementThrottle,Improvement,To Do,"","TestPartitionMovementThrottle was failing after the improvement was made in IntermediateCalcStage so that downward load balance will take place while recovery balance is happening. In the process of fixing the test, 1. It was verified by hand that downward load balance is being correctly throttled as defined by the user in StateTransitionThrottleConfig. 2. An appropriate parameter adjustment was made to account for both recovery and load balance happening in the same pipeline iteration.",Major,"","","",0,3,2018-07-09T23:47:48.000+0000,2018-07-10T21:30:01.000+0000,narendly,Hunter L,America/Los_Angeles,,,,narendly,Hunter L,America/Los_Angeles,,,helix
HELIX-718,Implement TaskAssignment logics,Task,To Do,"","Implement assignment logics:

TaskAssigner, TaskAssignResult, AssignableInstance",Major,"","","",0,3,2018-07-09T21:21:48.000+0000,2018-07-09T23:43:42.000+0000,hzzh0301,Harry Zhang,Etc/UTC,,,,hzzh0301,Harry Zhang,Etc/UTC,,,helix
HELIX-717,"Add api for get / set quota type, ratio and participant capacity",Task,To Do,"",This is needed for supporting quota based task assignment,Major,"","","",0,3,2018-07-09T21:07:43.000+0000,2018-07-09T22:22:21.000+0000,hzzh0301,Harry Zhang,Etc/UTC,,,,hzzh0301,Harry Zhang,Etc/UTC,,,helix
HELIX-716,[HELIX] Make downward load balance also be subject to StateTransitionThrottleConfig,Improvement,To Do,"","In the previous implementation of allowing downward transitions, downward transitions were not subject to any throttling constraints. In this change, downward load balance transitions are made subject to the throttling constraints.",Major,"","","",0,2,2018-07-09T20:13:44.000+0000,2018-07-09T23:47:07.000+0000,narendly,Hunter L,America/Los_Angeles,,,,narendly,Hunter L,America/Los_Angeles,,,helix
HELIX-715,Add NOP classes for quota management support,Improvement,To Do,"","The following classes and interfaces were added: TaskAssigner, AssignableInstance, and TaskAssignResult.",Major,"","","",0,2,2018-07-09T19:26:16.000+0000,2018-07-09T21:04:18.000+0000,narendly,Hunter L,America/Los_Angeles,,,,narendly,Hunter L,America/Los_Angeles,,,helix
HELIX-714,[HaaS] Fix aggregate metrics in ClusterStatusMonitor,Improvement,To Do,"",Names of the metrics have been fixed per Helix's convention and loops are now used instead of using delta values.,Major,"","","",0,2,2018-07-09T19:24:18.000+0000,2018-07-09T20:57:30.000+0000,narendly,Hunter L,America/Los_Angeles,,,,narendly,Hunter L,America/Los_Angeles,,,helix
HELIX-713,Remove unused imports in TaskAssignmentCalculator,Improvement,To Do,"",Remove unused imports in TaskAssignmentCalculator,Major,"","","",0,3,2018-07-09T19:09:11.000+0000,2018-07-09T20:54:39.000+0000,narendly,Hunter L,America/Los_Angeles,,,,narendly,Hunter L,America/Los_Angeles,,,helix
HELIX-712,Backward compatibility of the rebalance algorithm,Bug,Done,"","For keeping CRUSHed stable, we need to split the logic changes made for constraint based rebalance strategy. Otherwise, some improvement will change the original assignment.",Major,"","","",0,2,2018-07-09T19:08:39.000+0000,2018-07-10T18:22:45.000+0000,jiajunwang,Jiajun Wang,America/Los_Angeles,jiajunwang,Jiajun Wang,America/Los_Angeles,jiajunwang,Jiajun Wang,America/Los_Angeles,Fixed,2018-07-10T18:22:45.000+0000,helix
HELIX-711,Allow downward state transition during recovery and add recovery threshold,Improvement,To Do,"","# Previously, a single partition requiring recovery balance would block all types of load-balance. This commit allows all downward state transitions (load balance) to happen even when recovery balance is happening in the same cycle.
 # As for non-downward state transitions load-balance, a parameter, ErrorOrRecoveryPartitionThresholdForLoadBalance, was added to ClusterConfig. If the number of partitions requiring recovery is lower than the threshold, non-downward load-balance will take place in the same cycle as recovery balance; otherwise, non-downward load-balance will not take place in the same cycle.",Major,"","","",0,2,2018-06-29T01:05:44.000+0000,2018-07-09T19:01:44.000+0000,narendly,Hunter L,America/Los_Angeles,,,,narendly,Hunter L,America/Los_Angeles,,,helix
HELIX-710,Create abstract state model for distributed leader standby helix service,Task,To Do,"","In order to implement state model def for other helix services, I'd prefer to abstract an interface that helix service would use, to avoid duplicated code.

AC:
 - implement AbstractHelixLeaderStandbyStateModel and implement cluster controller state model with it. The abstract model can also be used by other helix services",Major,"","","",0,3,2018-06-28T21:31:45.000+0000,2018-06-28T22:27:45.000+0000,hzzh0301,Harry Zhang,Etc/UTC,,,,hzzh0301,Harry Zhang,Etc/UTC,,,helix
HELIX-709,Prepare controller stages for async execution,Task,To Do,"","There are a couple of stages in helix controller that can be executed asynchronously, but each execution should be done in order. Currently for helix controller, we have a thread pool for un-ordered execution, but we also need one for ordered execution.

In this ticket should do the following:
1. Create a pool of configurable workers using DedupEventProcessor
2. Create AbstractAsyncBaseStage for those stages that can be executed asynchronously to share common code

AC:
Create AbstractAsyncBaseStage and DedupFIFOWorkerPool for async execution, pass all tests.",Major,"","","",0,3,2018-06-28T21:23:05.000+0000,2018-07-09T20:50:54.000+0000,hzzh0301,Harry Zhang,Etc/UTC,,,,hzzh0301,Harry Zhang,Etc/UTC,,,helix
HELIX-708,Prepare controller stages for async execution,Task,To Do,"","There are a couple of stages in helix controller that can be executed asynchronously, but each execution should be done in order. Currently for helix controller, we have a thread pool for un-ordered execution, but we also need one for ordered execution.

In this ticket should do the following:
1. Create a pool of configurable workers using DedupEventProcessor
2. Create AbstractAsyncBaseStage for those stages that can be executed asynchronously to share common code

AC:
Create AbstractAsyncBaseStage and DedupFIFOWorkerPool for async execution, pass all tests.",Major,"","","",0,1,2018-06-26T23:10:04.000+0000,2018-06-26T23:10:04.000+0000,hzzh0301,Harry Zhang,Etc/UTC,,,,hzzh0301,Harry Zhang,Etc/UTC,,,helix
HELIX-707,Fix topstate handoff metrics.,Bug,Done,"","We've confirmed a bug in the logic that calculates topstate handoff duration.
With this issue, if the previous master instance is offline, an older handoff start time could be used to calculate the duration.
This results in huge handoff duration in the Helix metrics.",Major,0.8.x,"","",0,2,2018-06-26T23:00:36.000+0000,2018-07-09T19:04:16.000+0000,jiajunwang,Jiajun Wang,America/Los_Angeles,jiajunwang,Jiajun Wang,America/Los_Angeles,jiajunwang,Jiajun Wang,America/Los_Angeles,Fixed,2018-07-09T19:04:16.000+0000,helix
HELIX-706,ExternalViewGeneration should be executed asynchronously in Helix controller,Task,To Do,"","EV generation should not block helix resource rebalance. According to our profiling results, external view generation takes ~ 1/5 of the pipeline latency.

The goal is to generate external view asynchronously, and hopefully we can have 20% improvement in rebalance pipeline",Major,"","","",0,3,2018-06-26T00:24:00.000+0000,2018-06-28T21:25:11.000+0000,hzzh0301,Harry Zhang,Etc/UTC,,,,hzzh0301,Harry Zhang,Etc/UTC,,,helix
HELIX-705,Participant duplicated state transition handling rework,Task,To Do,"","Helix should have some re-work on participant side message handling:
 - Duplicated message in same batch: discard the later one
 - Duplicated message in different batches, the later one should be discarded if the first one is in progress
 - During state transition, we should not rely on current state delta to get partition's current state, but should lock on state model def (thread safety)
 - Duplicated state transition (toState == currentState) should not result in error, which is confusion, but should report success",Major,"","","",0,3,2018-06-25T22:51:40.000+0000,2018-06-26T22:39:18.000+0000,hzzh0301,Harry Zhang,Etc/UTC,,,,hzzh0301,Harry Zhang,Etc/UTC,,,helix
HELIX-704,Refactor IntermediateState and throttling code,Improvement,To Do,helix-core,"Refactor IntermediateState and throttling code with comments.

Changelist:
1. Add clear comments/JavaDoc/log messages
2. Rename confusing variable names and typos
3. A few small micro-optimizations

There is no change in the code logic",Major,"","","",0,2,2018-06-25T21:54:48.000+0000,2018-06-26T22:14:56.000+0000,narendly,Hunter L,America/Los_Angeles,,,,narendly,Hunter L,America/Los_Angeles,,,helix
HELIX-703,Change print statement to log statement,Improvement,To Do,helix-core,Change print statement to log statement,Major,"","","",0,3,2018-06-25T21:28:31.000+0000,2018-06-26T22:14:55.000+0000,narendly,Hunter L,America/Los_Angeles,,,,narendly,Hunter L,America/Los_Angeles,,,helix
HELIX-702,Fix Some Potential NPE,Bug,To Do,"","We have developed a static analysis tool [NPEDetector|https://github.com/lujiefsi/NPEDetector] to find some potential NPE. Our analysis shows that some callees may return null in corner case(e.g. node crash , IO exception), some of their callers have  _!=null_ check but some do not have. In this issue we post a patch which can add  !=null  based on existed !=null  check. For example:

Callee ClusterDataCache#getStateModelDef:
{code:java}
public StateModelDefinition getStateModelDef(String stateModelDefRef) {
  if (stateModelDefRef == null) {
    return null;
  }
  return _stateModelDefMap.get(stateModelDefRef);
}
{code}
Caller AutoRebalancer#computeNewIdealState have _!=null_:
{code:java}
StateModelDefinition stateModelDef = clusterData.getStateModelDef(stateModelName);
if (stateModelDef == null) {
  LOG.error(""State Model Definition null for resource: "" + resourceName);
  throw new HelixException(""State Model Definition null for resource: "" + resourceName);
}
{code}
but another caller DelayedAutoRebalancer#computeNewIdealState does not have !=null check:
{code:java}
StateModelDefinition stateModelDef =
    clusterData.getStateModelDef(currentIdealState.getStateModelDefRef());
LinkedHashMap<String, Integer> stateCountMap =
    stateModelDef.getStateCountMap(activeNodes.size(), replicaCount);
{code}
So we will add below code in non-(!=null) caller DelayedAutoRebalancer#computeNewIdealState
{code:java}
if (stateModelDef == null) {
    throw new HelixException(""State Model Definition null for resource:"" + resourceName);
}{code}
 

But due to we are not very  familiar with HELIX, hope some expert can review it.

Thanks.",Major,"","","",0,1,2018-04-30T03:42:09.000+0000,2018-04-30T03:42:57.000+0000,leigong,brettkk,Etc/UTC,,,,leigong,brettkk,Etc/UTC,,,helix
HELIX-701,Potential ugly NPE,Bug,To Do,"","We have developed a static analysis tool [NPEDetector|https://github.com/lujiefsi/NPEDetector] to find some potential NPE. Our analysis shows that some callees may return null in corner case(e.g. node crash , IOException), some of their callers have  _!=null_ check but some do not have. In this issue we post a patch which can add  !=null  based on existed !=null  check. For example:

ZkGrep#parseZkSnapshot:
{code:java}
  return retFiles;
} catch (Exception e) {
  LOG.error(""fail to parse zkSnapshot: "" + lastZkSnapshot, e);
}

return null;{code}
So parseZkSnapshot will return null while IOException happens. but its caller ZkGrep#processCommandLineArgs have no null checker:
{code:java}
File[] lastZkSnapshot = parseZkSnapshot(zkDataDirs[1], byTime);

// lastZkSnapshot[1] is the parsed last snapshot by byTime
grepZkSnapshot(lastZkSnapshot[1], patterns);
{code}
We should terminate the process while  lastZkSnapshot == null ",Major,"","","",0,3,2018-04-29T08:09:20.000+0000,2018-05-11T03:02:23.000+0000,leigong,brettkk,Etc/UTC,,,,leigong,brettkk,Etc/UTC,,,helix
